[
  {
    "id": "a4728ed8-672d-487a-a90d-97bdc472ef07",
    "data": [
      {
        "text": "couls you order pizza ",
        "userDefined": false
      },
      {
        "text": "here",
        "meta": "@sys.address",
        "alias": "address",
        "userDefined": true
      }
    ],
    "isTemplate": false,
    "count": 0,
    "lang": "en",
    "updated": 0
  },
  {
    "id": "1bd98a11-d200-4e3f-b5fa-d5eafac0b62b",
    "data": [
      {
        "text": "could me order me pizza ",
        "userDefined": false
      },
      {
        "text": "now",
        "meta": "@sys.date-time",
        "alias": "date-time",
        "userDefined": true
      }
    ],
    "isTemplate": false,
    "count": 0,
    "lang": "en",
    "updated": 0
  },
  {
    "id": "5f6e9690-f2ef-42cc-9c92-ed2daf1bb4b2",
    "data": [
      {
        "text": "Could you add toppings ",
        "userDefined": false
      },
      {
        "text": "type",
        "meta": "@toppings",
        "alias": "toppings",
        "userDefined": true
      },
      {
        "text": " to the pizza",
        "userDefined": false
      }
    ],
    "isTemplate": false,
    "count": 0,
    "lang": "en",
    "updated": 0
  },
  {
    "id": "9b00eda5-8e83-4e02-9309-992261b2bc31",
    "data": [
      {
        "text": "could you order small ",
        "userDefined": false
      },
      {
        "text": "size",
        "meta": "@Size",
        "alias": "Size",
        "userDefined": true
      },
      {
        "text": " pizza",
        "userDefined": false
      }
    ],
    "isTemplate": false,
    "count": 0,
    "lang": "en",
    "updated": 0
  },
  {
    "id": "7d648b5b-0c33-4219-9b37-bf691ecd71f9",
    "data": [
      {
        "text": "Order me pizza to the phone number ",
        "userDefined": false
      },
      {
        "text": "no",
        "meta": "@sys.phone-number",
        "alias": "phone-number",
        "userDefined": true
      }
    ],
    "isTemplate": false,
    "count": 0,
    "lang": "en",
    "updated": 0
  },
  {
    "id": "33cdc1a3-ae79-4f67-8b7b-2696027e9c5b",
    "data": [
      {
        "text": "order me pizza to the email id ",
        "userDefined": false
      },
      {
        "text": "mail",
        "meta": "@sys.email",
        "alias": "email",
        "userDefined": true
      }
    ],
    "isTemplate": false,
    "count": 0,
    "lang": "en",
    "updated": 0
  }
]